[
  {
    "id": 1,
    "code": "01",
    "name": "Hà Nội",
    "name_en": "Ha Noi",
    "full_name": "Thành phố Hà Nội",
    "full_name_en": "Ha Noi City",
    "code_name": "ha_noi",
    "coordinates": [21.0285, 105.8542]
  },
  {
    "id": 2,
    "code": "04",
    "name": "Cao Bằng",
    "name_en": "Cao Bang",
    "full_name": "Tỉnh Cao Bằng",
    "full_name_en": "Cao Bang Province",
    "code_name": "cao_bang",
    "coordinates": [22.6356, 106.2522]
  },
  {
    "id": 3,
    "code": "08",
    "name": "Tuyên Quang",
    "name_en": "Tuyen Quang",
    "full_name": "Tỉnh Tuyên Quang",
    "full_name_en": "Tuyen Quang Province",
    "code_name": "tuyen_quang",
    "coordinates": [21.8236, 105.2280]
  },
  {
    "id": 4,
    "code": "11",
    "name": "Điện Biên",
    "name_en": "Dien Bien",
    "full_name": "Tỉnh Điện Biên",
    "full_name_en": "Dien Bien Province",
    "code_name": "dien_bien",
    "coordinates": [21.3894, 103.0177]
  },
  {
    "id": 5,
    "code": "12",
    "name": "Lai Châu",
    "name_en": "Lai Chau",
    "full_name": "Tỉnh Lai Châu",
    "full_name_en": "Lai Chau Province",
    "code_name": "lai_chau",
    "coordinates": [22.3864, 103.4702]
  },
  {
    "id": 6,
    "code": "14",
    "name": "Sơn La",
    "name_en": "Son La",
    "full_name": "Tỉnh Sơn La",
    "full_name_en": "Son La Province",
    "code_name": "son_la",
    "coordinates": [21.3256, 103.9188]
  },
  {
    "id": 7,
    "code": "15",
    "name": "Lào Cai",
    "name_en": "Lao Cai",
    "full_name": "Tỉnh Lào Cai",
    "full_name_en": "Lao Cai Province",
    "code_name": "lao_cai",
    "coordinates": [22.4809, 103.9750]
  },
  {
    "id": 8,
    "code": "19",
    "name": "Thái Nguyên",
    "name_en": "Thai Nguyen",
    "full_name": "Tỉnh Thái Nguyên",
    "full_name_en": "Thai Nguyen Province",
    "code_name": "thai_nguyen",
    "coordinates": [21.5671, 105.8252]
  },
  {
    "id": 9,
    "code": "20",
    "name": "Lạng Sơn",
    "name_en": "Lang Son",
    "full_name": "Tỉnh Lạng Sơn",
    "full_name_en": "Lang Son Province",
    "code_name": "lang_son",
    "coordinates": [21.8537, 106.7610]
  },
  {
    "id": 10,
    "code": "22",
    "name": "Quảng Ninh",
    "name_en": "Quang Ninh",
    "full_name": "Tỉnh Quảng Ninh",
    "full_name_en": "Quang Ninh Province",
    "code_name": "quang_ninh",
    "coordinates": [21.0064, 107.2925]
  },
  {
    "id": 11,
    "code": "24",
    "name": "Bắc Ninh",
    "name_en": "Bac Ninh",
    "full_name": "Tỉnh Bắc Ninh",
    "full_name_en": "Bac Ninh Province",
    "code_name": "bac_ninh",
    "coordinates": [21.1861, 106.0763]
  },
  {
    "id": 12,
    "code": "25",
    "name": "Phú Thọ",
    "name_en": "Phu Tho",
    "full_name": "Tỉnh Phú Thọ",
    "full_name_en": "Phu Tho Province",
    "code_name": "phu_tho",
    "coordinates": [21.2682, 105.2045]
  },
  {
    "id": 13,
    "code": "31",
    "name": "Hải Phòng",
    "name_en": "Hai Phong",
    "full_name": "Thành phố Hải Phòng",
    "full_name_en": "Hai Phong City",
    "code_name": "hai_phong",
    "coordinates": [20.8449, 106.6881]
  },
  {
    "id": 14,
    "code": "33",
    "name": "Hưng Yên",
    "name_en": "Hung Yen",
    "full_name": "Tỉnh Hưng Yên",
    "full_name_en": "Hung Yen Province",
    "code_name": "hung_yen",
    "coordinates": [20.6464, 106.0511]
  },
  {
    "id": 15,
    "code": "37",
    "name": "Ninh Bình",
    "name_en": "Ninh Binh",
    "full_name": "Tỉnh Ninh Bình",
    "full_name_en": "Ninh Binh Province",
    "code_name": "ninh_binh",
    "coordinates": [20.2506, 105.9745]
  },
  {
    "id": 16,
    "code": "38",
    "name": "Thanh Hóa",
    "name_en": "Thanh Hoa",
    "full_name": "Tỉnh Thanh Hóa",
    "full_name_en": "Thanh Hoa Province",
    "code_name": "thanh_hoa",
    "coordinates": [19.8067, 105.7851]
  },
  {
    "id": 17,
    "code": "40",
    "name": "Nghệ An",
    "name_en": "Nghe An",
    "full_name": "Tỉnh Nghệ An",
    "full_name_en": "Nghe An Province",
    "code_name": "nghe_an",
    "coordinates": [18.6792, 105.6813]
  },
  {
    "id": 18,
    "code": "42",
    "name": "Hà Tĩnh",
    "name_en": "Ha Tinh",
    "full_name": "Tỉnh Hà Tĩnh",
    "full_name_en": "Ha Tinh Province",
    "code_name": "ha_tinh",
    "coordinates": [18.3430, 105.9050]
  },
  {
    "id": 19,
    "code": "44",
    "name": "Quảng Trị",
    "name_en": "Quang Tri",
    "full_name": "Tỉnh Quảng Trị",
    "full_name_en": "Quang Tri Province",
    "code_name": "quang_tri",
    "coordinates": [16.7474, 107.1857]
  },
  {
    "id": 20,
    "code": "46",
    "name": "Huế",
    "name_en": "Hue",
    "full_name": "Thành phố Huế",
    "full_name_en": "Hue City",
    "code_name": "hue",
    "coordinates": [16.4637, 107.5909]
  },
  {
    "id": 21,
    "code": "48",
    "name": "Đà Nẵng",
    "name_en": "Da Nang",
    "full_name": "Thành phố Đà Nẵng",
    "full_name_en": "Da Nang City",
    "code_name": "da_nang",
    "coordinates": [16.0544, 108.2022]
  },
  {
    "id": 22,
    "code": "51",
    "name": "Quảng Ngãi",
    "name_en": "Quang Ngai",
    "full_name": "Tỉnh Quảng Ngãi",
    "full_name_en": "Quang Ngai Province",
    "code_name": "quang_ngai",
    "coordinates": [15.1214, 108.8044]
  },
  {
    "id": 23,
    "code": "52",
    "name": "Gia Lai",
    "name_en": "Gia Lai",
    "full_name": "Tỉnh Gia Lai",
    "full_name_en": "Gia Lai Province",
    "code_name": "gia_lai",
    "coordinates": [13.9830, 108.0002]
  },
  {
    "id": 24,
    "code": "56",
    "name": "Khánh Hòa",
    "name_en": "Khanh Hoa",
    "full_name": "Tỉnh Khánh Hòa",
    "full_name_en": "Khanh Hoa Province",
    "code_name": "khanh_hoa",
    "coordinates": [12.2585, 109.0526]
  },
  {
    "id": 25,
    "code": "66",
    "name": "Đắk Lắk",
    "name_en": "Dak Lak",
    "full_name": "Tỉnh Đắk Lắk",
    "full_name_en": "Dak Lak Province",
    "code_name": "dak_lak",
    "coordinates": [12.7100, 108.2378]
  },
  {
    "id": 26,
    "code": "68",
    "name": "Lâm Đồng",
    "name_en": "Lam Dong",
    "full_name": "Tỉnh Lâm Đồng",
    "full_name_en": "Lam Dong Province",
    "code_name": "lam_dong",
    "coordinates": [11.5753, 108.1429]
  },
  {
    "id": 27,
    "code": "75",
    "name": "Đồng Nai",
    "name_en": "Dong Nai",
    "full_name": "Tỉnh Đồng Nai",
    "full_name_en": "Dong Nai Province",
    "code_name": "dong_nai",
    "coordinates": [10.9453, 106.8368]
  },
  {
    "id": 28,
    "code": "79",
    "name": "Hồ Chí Minh",
    "name_en": "Ho Chi Minh",
    "full_name": "Thành phố Hồ Chí Minh",
    "full_name_en": "Ho Chi Minh City",
    "code_name": "ho_chi_minh",
    "coordinates": [10.8231, 106.6297]
  },
  {
    "id": 29,
    "code": "80",
    "name": "Tây Ninh",
    "name_en": "Tay Ninh",
    "full_name": "Tỉnh Tây Ninh",
    "full_name_en": "Tay Ninh Province",
    "code_name": "tay_ninh",
    "coordinates": [11.3351, 106.1098]
  },
  {
    "id": 30,
    "code": "82",
    "name": "Đồng Tháp",
    "name_en": "Dong Thap",
    "full_name": "Tỉnh Đồng Tháp",
    "full_name_en": "Dong Thap Province",
    "code_name": "dong_thap",
    "coordinates": [10.4938, 105.6881]
  },
  {
    "id": 31,
    "code": "86",
    "name": "Vĩnh Long",
    "name_en": "Vinh Long",
    "full_name": "Tỉnh Vĩnh Long",
    "full_name_en": "Vinh Long Province",
    "code_name": "vinh_long",
    "coordinates": [10.2395, 105.9572]
  },
  {
    "id": 32,
    "code": "91",
    "name": "An Giang",
    "name_en": "An Giang",
    "full_name": "Tỉnh An Giang",
    "full_name_en": "An Giang Province",
    "code_name": "an_giang",
    "coordinates": [10.5216, 105.1258]
  },
  {
    "id": 33,
    "code": "92",
    "name": "Cần Thơ",
    "name_en": "Can Tho",
    "full_name": "Thành phố Cần Thơ",
    "full_name_en": "Can Tho City",
    "code_name": "can_tho",
    "coordinates": [10.0452, 105.7469]
  },
  {
    "id": 34,
    "code": "96",
    "name": "Cà Mau",
    "name_en": "Ca Mau",
    "full_name": "Tỉnh Cà Mau",
    "full_name_en": "Ca Mau Province",
    "code_name": "ca_mau",
    "coordinates": [9.1526, 105.1960]
  }
]